Model,Accuracy,Precision (Bad),Recall (Bad),ROC-AUC
Logistic Regression,0.66,0.4523809523809524,0.6333333333333333,0.6963095238095238
Random Forest,0.74,0.5526315789473685,0.7,0.7801190476190476
XGBoost,0.71,0.515625,0.55,0.7392857142857143
