Model,Accuracy,Precision (Bad),Recall (Bad),F1-Score (Bad),ROC-AUC,Weighted_Score
Logistic Regression,0.66,0.4523809523809524,0.6333333333333333,0.5277777777777778,0.6963095238095238,0.6223333333333334
Random Forest,0.74,0.5526315789473685,0.7,0.6176470588235294,0.7801190476190476,0.7025739348370927
XGBoost,0.71,0.515625,0.55,0.532258064516129,0.7392857142857143,0.6188392857142858
