,Age,Credit amount,Duration,Job,Risk_encoded
Age,1.0,0.03271641666544802,-0.03613637401909835,0.015673160074282277,-0.09112740931949911
Credit amount,0.03271641666544802,1.0,0.6249841983009851,0.2853853330767862,0.1547386411015236
Duration,-0.03613637401909835,0.6249841983009851,1.0,0.21090973492313855,0.2149266654418908
Job,0.015673160074282277,0.2853853330767862,0.21090973492313855,1.0,0.032735001380987616
Risk_encoded,-0.09112740931949911,0.1547386411015236,0.2149266654418908,0.032735001380987616,1.0
